Catgories ,,,,,,,,,,,,,,
Aerial Virtual Tour ,https://nsventures.tech/LnTNoidaLocality_Final_NSV/,https://nsventures.tech/LnT_Walkeshwar28august_NSV/ ,https://nsventures.tech/Housing_Adore_BroadwayV3/,https://nsventures.tech/LnT_Greenreserve_Noida/,https://nsventures.link/Emaar_DigiHomes_V04_NSV/,https://nsventures.link/Gala-Habitate_NSV/,,,,,,,,
Project Virtual Tour ,https://nsventures.tech/Homeland_GlobalPark./,https://nsventures.tech/Purvankara_WindmereV8/ ,https://nsventures.in/Ambience_Catriona-NS_Ventures/ ,https://nsventures.in/Housing-Demo-NS_Ventures/ ,https://nsventures.in/Joyville-Sapoorji-final-NS_Ventures/ ,,,,,,,,,
Sample Flat Virtual Tour ,https://nsventures.tech/Homeland_Regalia1/ ,https://nsventures.in/Kumar-Properties/,https://nsventures.in/Digitour-Shantipriyam-Interior-VR/,https://nsventures.link/Livspace-Bengaluru-Hulkul_NSV/ ,https://nsventures.in/Hero-Homes-Mohali-NS_Ventures/,https://nsventures.in/Nsv-Ahmedabad-Interior-VR,https://nsventures.in/Nsv-Horizon-Mohali-Interior-VR,https://nsventures.in/Pune-Interior-VR/,https://nsventures.in/Roongta-Estella-Interior-VR/,https://nsventures.in/Saral-Casa-Interior-VR/,https://nsventures.in/Shaligram-Group-Pune-Interior-VR/,https://nsventures.in/Tapovan-Ahmedabad/,https://nsventures.in/The-Riged-21/,https://nsventures.in/Nsv-Ashiana-Malhar-gurugram/
Floor Wise Virtual Tour ,https://nsventures.tech/Balcony_Views_7506203777/,https://nsventures.tech/Vasav_V3/ ,https://nsventures.tech/noida_LnT/ ,https://nsventures.tech/LnTMahimislandcove_VR/  ,https://nsventures.tech/LntBangalore_V1_NSV/,https://nsventures.in/LT-Reality-Rejuve360-NS_Ventures/ ,,,,,,,,
Plot Virtual Tour ,https://nsventures.tech/NSV_Plotplay/ ,https://nsventures.tech/Crafthomes2025_NSV/ ,https://nsventures.tech/Devasya_Bharat_V2._NSV/,https://nsventures.tech/Homeland_Kasauli1/,https://nsventures.tech/Housing_AerovillasV1/,https://nsventures.tech/SkandhaHomes_V3_NSV/,https://nsventures.in/L%26T-Powai-v3-NS_Ventures/ ,https://nsventures.online/3rd_TataEast_V5_NSV/,https://digitour.housing.com/digiport/Shailesh_Vihar ,,,,,
3D Virtual Tour,http://nsventures.in/Choice_Group-NS_Ventures ,https://nsventures.in/Ace_Divino-NS_Ventures/,https://nsventures.in/choice_group-2_bhk-NS_Ventures/ ,https://nsventures.in/choice_group-Exterior-NS_Ventures/ ,,,,,,,,,,
Smart City Virtual Tour ,https://nsventures.link/Reliance_Jhajjar-V06_NSV/ ,,,https://nsventures.link/Amtek_Noida_V6_NSV/,,,,,,,,,,
Cities ,,,,,,,,,,,,,,
Delhi ,https://nsventures.link/Livspace-Delhi_NSV/,,,,,,,,,,,,,
Hyderabad,https://nsventures.tech/Aarnika_Infra_NSV_Hyderabad/,https://nsventures.tech/Prestige_Hyderabad_V1_NSV/,https://nsventures.link/Livspace-Banjara-Hills-Hyderabad_NSV/ ,,,,,,,,,,,
Noida ,https://nsventures.tech/Ashtech_Noida_NSV/,https://nsventures.tech/Experion_Sector151Noida_NSV/,https://nsventures.tech/LnT_Greenreserve_Noida/ ,https://nsventures.in/Ambience_Tiverton-2-NS_Ventures/,https://nsventures.in/Bhutani-Alphathum-NS_Ventures/ ,https://nsventures.link/GreenBay_Golf_V5_NSV/,,,,,,,,
Raipur ,https://nsventures.tech/August_Raipur_Project1V2/,,,,,,,,,,,,,
Gurugram,https://nsventures.tech/CentralPark_Delphine./,https://nsventures.tech/Devasya_Bharat_V2._NSV/ ,https://nsventures.tech/Emaar_EmeraldHillsEON7_NSV/ ,https://nsventures.tech/Experion88A_Gurugram_VR_NSV/,https://nsventures.in/Ambience-Catriona-2-NS_Ventures/,https://nsventures.link/Emaar_DigiHomes_V04_NSV/ ,https://nsventures.link/Livspace-Gurgaon_NSV/ ,https://nsventures.in/Nsv-Ashiana-Malhar-gurugram/,,,,,,
Mumbai ,https://nsventures.tech/Ava_Maple_Mumbai_VR/,https://nsventures.tech/TempleparkV2/ ,https://nsventures.tech/LnTMahimislandcove_VR/ ,https://nsventures.tech/LnT_Walkeshwar28august_NSV/ ,https://nsventures.in/Beverly-Hills-Housing-NS_Ventures/,https://nsventures.in/Chembur-NS_Ventures/,https://nsventures.in/LT-Reality-Rejuve360-NS_Ventures/,,,,,,,
Bubneshwar,https://nsventures.tech/Bubneshwar_Interior/,https://nsventures.tech/Housing_Avartanabubneshwarv3/,https://nsventures.tech/Housing_GraceKalinganagarV4/ ,https://nsventures.in/Myspace_Amantran-NS_Ventures/ ,https://nsventures.in/Metro100-NS_Ventures/ ,,,,,,,,,
Cuttuck,https://nsventures.tech/Housing_GrandminicityV3/ ,https://nsventures.tech/Housing_MahalaxmiPlazaCuttackV2/ ,,,,,,,,,,,,
Sonipat,https://nsventures.tech/Crafthomes2025_NSV/,https://nsventures.in/Horizon-Exotica-NS_Ventures/ ,,,,,,,,,,,,
Thane,https://nsventures.tech/Embassy_One_Thane_10NOV2024/ ,https://nsventures.tech/LnT_ThaneV1_NSV/,https://nsventures.in/NSV-Riseland-Panos-NS_Ventures/ ,https://nsventures.in/bhairaav_Milestone-NS_Ventures/ ,https://nsventures.in/NSV-Boisar-Tata-NS_Ventures/ ,,,,,,,,,
Pune,https://nsventures.tech/GoldenAura_Pune_VR/,https://nsventures.in/Austin-One-NS_Ventures/,https://nsventures.in/Kumar-Properties/,https://nsventures.in/Capricorn-Group-Pune-housing-NS_Ventures/ ,https://nsventures.in/Pune-Interior-VR/,https://nsventures.in/Shaligram-Group-Pune-Interior-VR/,https://nsventures.in/The-Riged-21/,,,,,,,
Mohali,https://nsventures.tech/Homeland_GlobalPark./,https://nsventures.in/Mohali_Walk-NS_Ventures/ ,https://nsventures.in/Highland_park-NS_Ventures/ ,https://nsventures.in/Nsv-Horizon-Mohali-Interior-VR,,,,,,,,,,
Goa,https://nsventures.tech/Homeland_Ikaahi_Pilerne_V1/,https://nsventures.tech/Homeland_Ikaahi_SaipemV1/ ,https://nsventures.tech/Housing_Goa_LawisteriaV6/,https://nsventures.tech/TheRoyalRanches_GOA_NSV/ ,https://nsventures.in/NSV-Rio-de-Goa-tata-NS_Ventures/,,,,,,,,,
Kasauli,https://nsventures.tech/Homeland_Kasauli1/,,,,,,,,,,,,,
Bengaluru,https://nsventures.tech/Housing_Adityaankurv3/,https://nsventures.tech/Purvankara_WindmereV8/ ,https://nsventures.tech/PrestigesouthernstarV2_NSV/ ,https://nsventures.tech/Prestige_SunCrestV2/,https://nsventures.tech/LntBangalore_V1_NSV/ ,https://nsventures.link/Livspace-Bengaluru-Hulkul_NSV/,,,,,,,,
Faridabad ,https://nsventures.tech/Housing_Adore_ArpanamV3/,https://nsventures.tech/Housing_Adore_BroadwayV3/ ,https://nsventures.tech/Housing_KLJfinal/,,,,,,,,,,,
Jaipur,https://nsventures.tech/Housing_KDMS_Skywalk_Jaipur/,https://nsventures.link/Kedia_SEZasthan-V07_NSV/ ,,,,,,,,,,,,
Chennai ,https://nsventures.tech/SkandhaHomes_V3_NSV/,,https://nsventures.link/Livspace-Chennai_NSV/ ,,,,,,,,,,,
Ghaziabad,https://nsventures.tech/Prestige_Noida_Final_NSV/,https://nsventures.in/Himalaya-city-center-NS_Ventures/ ,,https://nsventures.in/Blossoms_Ghaziabad-NS_Ventures/ ,https://nsventures.in/Charms_Castle-NS_Ventures/ ,,,,,,,,,
Meerut,https://nsventures.in/Ansal-Town-NS_Ventures/,,,,,,,,,,,,,
Ahmedabad,https://nsventures.in/Aravalli_Ahmedabad-NS_Ventures/,https://nsventures.in/Nsv-Ahmedabad-Interior-VR,https://nsventures.in/Saral-Casa-Interior-VR/,https://nsventures.in/Tapovan-Ahmedabad/,,,,,,,,,,
Kolkata,https://nsventures.in/NSV-88East-NS_Ventures/,https://nsventures.in/Merlin_regalia-NS_Ventures/ ,https://nsventures.in/merlin-NS_Ventures/ ,https://nsventures.online/3rd_TataEast_V5_NSV/ ,https://nsventures.online/103_WEST_V04/ ,,,,,,,,,
Aligarh,https://nsventures.in/GSP-Divine-Home-NS_Ventures/ ,,,,,,,,,,,,,
Surat,https://nsventures.in/Digitour-Shantipriyam-Interior-VR/,,,,,https://nsventures.in/Roongta-Estella-Interior-VR/,https://nsventures.in/Digitour-Shantipriyam-Interior-VR/,,,,,,,
